id,name,comment,rating,review_date
1,Manuel Garcia,gran personal josé muy atento y buena persona las clases son dinámicas y se respira un ambiente sano donde desconectas y te pones en forma,5,Hace 2 meses
2,Sofia Defrutos,mejor decisión que pude tomar fue apuntarme a distrito todas las clases son buenas y dinamicas los entrenadores estan pendientes de ayudarte a seguir mejorando en todo momento aparte hay super buen ambiente con todos los compañeros!!,5,Hace 3 semanas
3,Noemi Noemi ballestin,excelente box!! sara josé y carol siempre muy amables y atentos se nota que les importa el bienestar de los socios las instalaciones están en perfectas condiciones los baños y vestuarios muy limpios y el material de entrenamiento siempre ordenado y bien cuidado ¡da gusto entrenar en un lugar así!…,5,Hace un mes
4,Eva,la sensación al salir de distrito después de una clase es como la que sientes después he haber estado tomando cañas con unos buenos amigos la diferencia es que de aquí sales sudando y con cara de haber sufrido como nadie no solo te enseñan a entrenar duro sino que también te ayudan a creer en ti sobretodo cuando josé te pone el doble de peso del que has cogido añadido de una simple frase deja de llorar tú puedes coger más entonces es cuando rechistas lloras pero asumes que quizá jose lleve razón y si puedas coger un poquito más de peso y esto te lo aplicas a tu vida diaria y te das cuenta de que en distrito no solo te enseñan a entrenar sino que también te enseñan que puedes conseguir más de lo que crees en distrito me he reído he aprendido a colgarme de una barra poco porque soy un poco floja he hecho amigas he conocido a unos coach increíbles y me ha salido algún músculo que otro que pensé que no exisitia os animo a todos a que os apuntéis !,5,Hace 3 semanas
5,Carlota Quesada,es una pasada ir a entrenar a distrito 280 empezando por los profes que son unos profesionales de los pies a la cabeza y que siempre están pendientes de ti y de que hagas las cosas bien pasando por las instalaciones y acabando en la gente que conoces y con la que terminas haciendo piña y creando un rollo muy bueno! mil gracias por hacer un poquito menos duro el entrenar a las 7am! sois una pasada!,5,Hace 3 semanas
6,G.S,he ido a entrenar varias veces con aplicación externa y el trato recibido siempre ha sido muy agradable y cercano todo el equipo es súper amable y atento en especial carolina que siempre me ayuda en todo lo que necesito sonriente y muy profesional se nota que le gusta su trabajo instalaciones súper modernas y buen ambiente volveré!!!,5,Hace 2 meses
7,Carolina Elola,la familia distrito es eso familia! te escuchan te adaptan los ejercicios si tienes alguna lesión están atentos a cómo haces los ejercicios… es el lugar si estás buscando retomar y seguir apostando por tu salud!! no te pierdas las clases con josé y con caro que son amor!,5,Hace 3 semanas
8,Maria Lloret,instalaciones excelentes y clases muy dinámicas tres años y medio yendo a entrenar lo confirman el equipo es maravilloso carol sara josé y cualquiera de los estupendos profesionales con los que me cruzado todos estos años gracias,5,Hace 3 semanas
9,JOSE SUAREZ ALVAREZ,instalaciones estupendas cuenta con bastante material y monitores maravillosos que te ayudan a mejorar y te darán muchos tips en unos de los vídeos escucharán a la coach dando consejos y ánimos muy buen ambiente amplitud de horarios y variedad de clases tienda de ropa física y fisioterapeuta disponible para cualquier necesidad ¡todo un acierto para disfrutar haciendo deporte! volveré a distrito 280 sin duda,5,Hace 2 años
10,Massimo Banchi,muy buen gimnasio las clases con entrenos distinto cada vez buena música motivadora limpio con buenos grupos de trabajo y los monitores te siguen en cualquier momento os lo aconsejo!!!!!!,4,Hace 2 semanas
11,Alejandro Garzo,el sitio es increíble y sus entrenadoras más gracias a sara y alejandra por tremendas clases muy contento…,5,Hace 2 semanas
12,Sara Rodriguez,me encanta el ambiente y la preparación que te dan las clases son muy dinámicas y hay variedad entrenamientos intensos efectivos y muy variados,5,Hace 3 semanas
13,Ada Mora,es mi terapia y mi gimnasio me encanta y lo recomiendo un montón por que la pasas genial de verdad,5,Hace 2 semanas
14,Virginia García,genial en todos los aspectos desde el trato y profesionalidad de los monitores hasta instalaciones y material merece la pena invertir en un centro de entrenamiento así!,5,Hace 2 meses
15,Jorge Fuentes,excelente!!! ir a entrenar no da pereza y los coach animan a seguir!,5,Hace 2 semanas
16,Katherine Romero,sinceramente uno de los mejores lugares donde he hecho crossfit los instructores siempre te corrigen la posición lo cual para mí es súper importante ya que llevo poco haciendo crossfit además que te explican la técnica desde lo más básico hasta lo complejo y te dan tips el ambiente y las instalaciones están bien sin olvidar que tienes a disposición bastantes clases y siempre tienes cupo para entrar algo que agradezco inmensamente!!,5,Hace 8 meses
17,Rodrigo PG,un centro con entrenadores top e instalaciones acorde a ellos si quieres estar en forma este es tu sitio,5,Hace 3 semanas
18,Ignacio Colás,¡este gimnasio es una pasada! desde el primer día nos hicieron sentir súper a gusto y estuvieron súper atentos con todo el personal es simpatiquísimo y siempre están ahí para echarte una mano o darte ánimos las clases son súper variadas y los entrenadores saben cómo motivarte y hacer que lo des todo la app es muy fácil de usar y te deja reservar clases sin complicaciones los horarios son muy flexibles así que encaja genial con cualquier rutina el ambiente es súper agradable te sientes como en casa desde el principio ¡totalmente recomendable!,5,Hace un año
19,Fernando Fdez. Garcia,¡muy buen gimnasio para entrenar! lo pongo entre comillas porque no es un gimnasio al uso es un espacio en el que las clases son muy dinámicas en mi caso bootcamp y wod y donde los entrenadores se adaptan a tu nivel te enseñan y te van exigiendo más poco a poco para que te retes sitio 10 para darlo todo muy contento con la experiencia distriter,5,Hace 4 años
20,Sonsoles Jaraiz,todo el equipo de distrito clara del rey es maravilloso y muy profesional llevo más de un año yendo y desde el primer día me sentí acogida y motivada los entrenadores tienen un enfoque profesional y motivador creando un ambiente ideal para alcanzar objetivos las sesiones son desafiantes pero adaptadas a cada nivel sus conocimientos y dedicación se reflejan en resultados las instalaciones siempre impecables y la atención al cliente hacen que este gimnasio sea excepcional sin duda altamente recomendable!,5,Hace un año
21,Javier Rubio Iglesias,muy bueno!! los entrenamientos son variados y bastante demandantes los entrenadores te ayudan a ir adaptándote a los entrenamientos dependiendo de tu nivel y si eres constante progresas bien muy importante la dedicación y el trato amable y profesional de los monitores hay buen ambiente en las clases y se hacen bastantes fiestas para que la gente se conozca y se lleve bien yo llevo desde septiembre y noto el progreso estoy muy contento y recomiendo que quien esté interesado no se corte por no estar en plena forma y se meta porque realmente es de lo mejor que he probado en horarios tienen muchas opciones y especialmente lo de tener siempre clases entre semana a las 07 00am a mi me da la vida porque o es a esa hora o no puedo ir seguid así porque realmente marcáis la diferencia javier rubio,5,Hace un año
22,Sandra Fernandez Delobel,gimnasio muy recomendable sobretodo por los entrenadores los entrenamientos y clases son muy completos los entrenadores te motivan y te hacen mejorar y engancharte a este deporte especial mención a izan que como entrenador te hace mejorar te corrige y hace que sus clases sean amenas y se te pasen volando,5,Hace un año
23,Cris Rodríguez,¡mejor imposible! muy bien equipado y limpio el ambiente es motivador y los entrenadores son profesionales y atentos las clases se pasan volando ¡totalmente recomendable!,5,Hace 10 meses
24,Marta Zasadowska,he estado casi un año entrenando aquí y solo tengo palabras buenas si quieres sudar ponerte en forma evolucionar y además compartirlo con gente muy cualificada y sobretodo dispuesta a ayudar y aconsejar definitivamente este es tu sitio,5,Hace 7 meses
25,Leyanes Diaz López,distrito es una linda familia cada uno de los entrenadores se esfuerzan por mantener un ambiente feliz mucha buena vibra una vez q que lo pruebas no puedes vivir sin los entrenamientos gracias por ayudarnos a cumplir metas y llenarnos de energías,5,Fecha de edición: Hace un año
26,sara romero marcos,excelente gimnasio con distintas modalidades de clases dirigidas en las que los profesionales te ayudan y te enseñan las técnicas para aprender y aprovechar al máximo los entrenamientos las clases son muy divertidas a la vez que intensas adaptadas a cada persona y los entrenadores muy simpáticos las instalaciones también están genial y cuentan con todo el material imprescindible sin duda lo recomiendo 100 !!,5,Hace 4 años
27,Ainara Dolmen,excelente experiencia! vas logrando poco a poco ejercicios que antes no podías gracias a los entrenadores también tienen diferentes clases para no aburrirte,5,Hace 7 meses
28,Jaime Vaquero Martin,llevaba años apuntado a gimnasios tradicionales sin conseguir ir de forma regular por aburrimiento distrito es totalmente diferente desde que me apunté no me pierdo ninguna clase y voy con ganas todos en el equipo son encantadores y muy profesionales siempre me había dado miedo hacer este tipo de entrenamientos por posibles lesiones pero en clase siempre están muy atentos y te corrigen enseguida si algo no estás haciendo bien se nota la mejora rápidamente pero siempre sigues teniendo mucho que mejorar por lo que sigues motivado y las clases cambian todos los días y nunca te aburres ni se hace repetitivo el espacio está genial con material siempre en perfecto estado y muy cuidado tiene muchas opciones de horarios y diferentes tipos de entrenamiento un 10 en todo sobre todo el equipo ¡100 recomendable!,5,Hace 2 años
29,Alberto V,excelente gimnasio está muy bien equipado con todo lo necesario para un entrenamiento efectivo lo que más me impresionó fue la profesionalidad y simpatía de los monitores siempre están dispuestos a brindar orientación y apoyo personalizado ¡altamente recomendado para cualquiera que busque un lugar donde hacer deporte y divertirse!,5,Hace 2 años
30,Jaime Perez,vine a madrid para dos meses y me apunté sin conocerlo no podía haber elegido mejor clases no masificadas buena variedad de horario y los entrenadores están todo el rato pendientes de corregirte además muy buen rollo entre la gente y el personal me voy muy contento,5,Hace un año
31,Ericka Martinez,es una maravilla de centroooo y sus instalaciones son muy bonitas todo muy ordenado el ambiente de 10 10! los coaches súper majos pero carol es simplemente mi fav! …,5,Hace 3 años
32,Katheryne Perez,estoy muy encanta con el gimnasio sus instalaciones y equipamiento están muy bien cuidados las clases son muy divertidas y los entrenadores siempre están atentos para ayudarte o aconsejarte vamos que son unos profesionales!!! se respira muy buen ambiente te sientes integrada desde el primer momento en definitiva lo recomiendo al 100,5,Hace 3 años
33,Maria Rubio Martin,totalmente recomendable! nunca pensé que me gustaría entrenar y ahora vengo 4días por semana entrenos amenos divertidos y adaptados al nivel instalaciones impecables y material muy variado y si los entrenamientos son de 10 los coach y los compañeros ya son de 20 por lo menos te hacen sentir parte del equipo desde el minuto uno para mi ha sido un acierto! gracias por acogerme,5,Hace un año
34,tomas echavarria,gran centro de entrenamiento los profes y la gente que va es muy maja! llevo casi un año y medio entrenando y cada vez me gusta más algo inimaginable que iba a suceder cuándo fui por primera vez sin dudas super recomendable! gracias por todo,5,Hace un año
35,fabiana mendez,sin duda es el mejor centro para entrenar en madrid las instalaciones están increíbles y el ambiente lo hace aún mejor sin duda todos los instructores hacen que quieras seguir yendo 100 recomendado más que un centro es una familia,5,Hace un año
36,Laura Prelez,gimnasio de 10 muy recomendable buenísimos coaches gestión y ambiente es la primera vez que me he sentido en una comunidad en un gimnasio carol y jose son fanáticos gracias por todo!!,5,Hace 11 meses
37,Evelyn Calvo,llevo 1 mes entrenando en distrito y me ha encantado las clases son siempre dinámicas y diferentes los coaches son agradables y siempre dispuestos a ayudarte a mejorar además las instalaciones son adecuadas para los tipos de entrenamiento que ofrecen recomiendo mucho distrito para entrenar!,5,Hace 2 años
38,Raquel Sierra,estoy encantada hacía tiempo que no estaba tan motivada con el deporte todos los profesores son geniales y magníficos profesionales se adaptan a la forma física de cada alumno y todo lo personalizan también están muy pendientes de las lesiones de cada uno para evitar que se hagan daño las clases son súper animadas y con muy buen ambiente !! recomendable 100 el mejor equipo posible de entrenadores !!!,5,Fecha de edición: Hace 2 años
39,Alejandra Alonso Gómez-Cabrero,estoy encantada he encontrado el lugar perfecto que se adapta a mi horario y los entrenamientos tienen la intensidad que necesito siempre me ha costado mucho tener constancia en el ejercicio y el formato que tiene distrito junto con el maravilloso equipo de entrenadores han conseguido que me enganche el entrenamiento de hoy con izan un 10!!,5,Hace 2 años
40,Philippe Calpe Delgado,no soy muy dado a los gimnasios pero debo decir que este es maravilloso las clases son muy divertidas y motivadoras los y las entrenadoras son atentos y profesionales y el ambiente que se respira no es para nada el que se respira en otros gimnasios es mucho mejor sin duda ¡felicidades! actualización 24 03 2023 carol jose isa manu david ¡maravillosos todos! ¡¡qué gustazo las clases!! seguiré ahí a tope sin duda,5,Fecha de edición: Hace 2 años
41,José A. Moraleda Mesa,llevo apuntado desde principios de julio y estoy encantado las instalaciones son fantásticas y los monitores súper cercanos y profesionales están todo el tiempo pendientes para que hagas bien los movimientos y evitar lesiones la gran variedad de ejercicios en cada una de las clases hace que sean muy dinámicas y el ambiente es de 10 también hay una gran variedad de horarios para poder compaginarlo bien con tu rutina he estado en muchos gimnasios box de crossfit etc y esto es otra historia tanto el trato humano como profesional es de 10 si te tomas en serio los entrenos rápido notarás la mejoría física recomendable 100 si siguen en esta línea seguiré aquí por mucho tiempo!!!,5,Hace 2 años
42,Carla De lima,he vuelto después de dos años y sigo pensando que es una experiencia única! una manera de entrenar diferente en donde los monitores te motivan mucho y aprendes un montón! jose y carol los mejores coaches del mundo te hechas una risas te meten mucha caña especialmente jose pero se agradecen los resultados mis mañanas empiezan mejor yendo a distrito distintas clases adaptadas a todo el mundo y me encanta! 100 recomendado,5,Fecha de edición: Hace un año
43,JORGE PS,una suerte haber encontrado este box aunque me pilla un poco lejos de casa hago el esfuerzo de muy buen gusto para poder ir cada día que puedo la dirección es muy buena con facilidades a la hora de pago cambio de tarifas cambio de clases…etc los coachs unos craks! te explican todo genial y siempre aprendes algo nuevo además de un ambiente fantástico en el box muy recomendable!!!,5,Hace un año
44,DANIEL MUÑOZ REYES,hace tres meses que decidí empezar a entrenar en este gimnasio y desde entonces he notado un cambio físico brutal además de un cambio a nivel personal los entrenadores te enseñan todos los ejercicios y los adaptan a tus capacidades y o necesidades además de hacer que un entrenamiento duro sea divertido y tengas ganas de volver al día siguiente sin duda ¡de las mejores deciones que he tomado! enhorabuena,5,Hace 4 años
45,Alejandra Zamorano,que decir de mi gran familia distrito clara del rey para los no amantes del fitness confirmo y reafirmo que es el mejor sitio para engancharte a la fiebre del deporte! clases dinámicas al ritmo de la mejor musica con explicacion de cada ejercicio antes de su realización! y que decir de su equipo carol josé sara jesús yerika siempre dispuestos a ayudar y a crecer contigo en el deporte sin duda es the place to be de madrid! gracias familia distritoooo!!,5,Hace un año
46,Noelia Cuenca Borssi,entrenadores profesionales pendientes en todo momento de tu progreso y ajuste en los pesos grandes motivadores y mejores personas el sitio es muy muy top súper nuevo y bien cuidado reitero lo buenos que son david izan y carol,5,Hace un año
47,Bruna Mariano,llegué a madrid hace un año e inmediatamente busqué un lugar donde podria seguir entrenando ahí encontré a distrito solía hacer musculación y hacía tiempo que no hacía entrenos funcionales pero desde la primera clase me sentí muy bien las clases son diversas los coaches son geniales y el gimnasio está muy bien equipado no importa si llevas un tiempo entrenando o nunca has hecho nada las clases se ajustan según las limitaciones de cada uno y puedes seguir tu progreso a casa sesion sin duda lo recomiendo,5,Hace 2 años
48,María Ángeles Sánchez Hidalgo,tras más de dos años asistiendo tres veces por semana a distrito puedo decir que han conseguido que incluya el entrenamiento en mi vida cosas como jugar al tenis sin dolor de rodillas o finalizar carreras de 10kms era algo impensable antes los entrenadores son geniales especialmente jose que nos anima a superarnos para que salgamos de la zona de comfort y mejoremos continuamente,5,Hace 2 años
49,adriana hortelano,encantada con todas las clases que se imparten en distrito de los mejores centros en los que he estado los coach son muy majos y atentos instalaciones modernas y bien cuidadas el sitio perfecto al que ir a entrenar,5,Hace 2 años
50,Manu BR,entrenar en distrito 280 clara del rey ha sido una experiencia muy grata lamentablemente lo tengo que dejar de forma temporal por incompatibilidad de horarios gracias a jose y carol por su profesionalidad y cercanía la cual me ha hecho sentir muy cómodo en cada clase totalmente recomendable,5,Hace un año
51,Alejandro Jimenez,excelentes profesionales cuidan en todo momento la técnica de los atletas para evitar lesiones y para asegurarse de que los ejercicios se realizan de forma correcta buenas instalaciones con dos salas de trabajo y otra pequeña de fisioterapia y con material bien cuidado y en perfecto estado los baños están más limpios siempre hasta que el de mi casa,5,Hace 3 años
52,Clara Rodríguez,by far one of the best training i ve ever have and the best of the bests in madrid every day is a new way of challenging yourself by also having fun! coaches are always there to support and help you achieve every personal objective if you want to enjoy doing exercise this is the place to be! el mejor de los mejores en todo madrid! vas a superar tus límites en cada clase siempre con acompañamiento del coach y diviertiendote al mismo tiempo instalaciones en perfecto estado y con todo tipo de herramientas para poder hacer todos los ejercicios al máximo nivel!,5,Hace 2 años
53,Eva RM,buenísima mi experiencia aquí!! las clases son muy dinámicas motivantes y siempre diferentes con todo tipo de materiales para trabajar es súper fácil y cómodo reservar mediante la aplicación los monitores son muy profesionales atentos y simpáticos sin duda de los mejores gimnasios que he probado!,5,Hace 4 años
54,Angelo Timpanaro,distrito en calle clara del rey es simplemente excepcional es más que un gimnasio boutique es un oasis de bienestar donde realmente te sientes como en casa la atmósfera acogedora y familiar te envuelve tan pronto como cruzas la puerta y cada persona que encuentras respeta tu camino de crecimiento personal las clases d45 y de yoga son verdaderamente las joyas de la corona las sesiones d45 te desafían de manera dinámica y atractiva mientras que las clases de yoga te permiten encontrar equilibrio y serenidad es difícil encontrar algo similar en otro lugar absolutamente recomendado,5,Hace un año
55,Cristina Salgado,otro concepto de hacer deporte dinámico y muy motivador el tiempo de la clase lo aprovechas al máximo y además tienes una variedad de horario con diferentes clases según tu estado de ánimo lo recomiendo!!!!! eso sin hacer mención a los entrenadores muy buenos profesionales siempre pendientes de que hagamos bien los ejercicios y darnos alternativas,5,Hace 3 años
56,Aixa AG,lo recomiendo 100 especialmente si has perdido el hábito de hacer deporte te da pereza entrenar por tu cuenta o nunca te ha gustado pero sabes que deberías y te sentaría bien spoiler te va a sentar que flipas yo nunca había sido tan constante porque nunca se me había hecho tan ameno y esto último es totalmente gracias a las personas que trabajan en distrito 280 clara del rey,5,Hace un año
57,Mauro Fossati,me encuentro muy bien entrenando en este gimnasio la instalación es nueva y de estilo moderno el equipo encantador los entrenadores son muy profesionales y simpáticos siempre hay cursos disponibles lo recomiendo a todos 5 estrellas!,5,Hace 4 años
58,Rocío Sánchez,excelente gimnasio para entrenar! los entrenadores te motivan están pendientes de ti y se adaptan a todos los niveles cada día ofrecen diferentes entrenamientos de forma que nunca repites y siempre estás motivad recomendable 100 …,5,Hace 4 años
59,Jesús Sayar,estupendo box entrenar se vuelve divertido con ellos tiene diferentes modalidades de entrenamiento adaptados a todos los niveles el ambiente es sano y divertido te sientes integrado desde el primer día los entrenadores siempre están atentos para ayudarte y aconsejarte muy recomendable!,5,Hace 3 años
60,Larraitz Martínez,distrito 280 es más que un gimnasio es el lugar perfecto para ir a entrenar desde sus instalaciones siempre limpias y ordenadas además huele muy bien por mucha gente que haya todas las sesiones son diferentes dinámicas y casi personalizadas lo que me ha permitido mejorar mucho mi estado en poco tiempo los entrenadores as generan muy buen clima de esfuerzo autosuperación y respeto con una sonrisa y cercanía sobre todo he acudido a las sesiones de yoga y gabi es un 10 he disfrutado mucho con sus clases solo me voy porque dejo la ciudad sino sería el lugar perfecto para entrenar gracias a todo el equipo!,5,Hace 3 años
61,ALEXA NATALIA CASTAÑO MONTOYA,muy buen sitio para entrenar el personal es muy agradable y colaborador siempre pendientes de todo las instalaciones muy bien adaptadas y los entrenamientos divertidos pero exigentes a su vez es la primera vez en años que no me aburro en un gimnasio lo recomiendo,5,Hace 2 años
62,Cristian Martin Diaz,llevo un mes apuntado y estoy muy satisfecho los entrenadores son profesionales verdaderamente especializados que te acompañan durante el entrenamiento revisando tu técnica adaptando los ejercicios a tus necesidades y alentándote a ir por más el trato es excelente absolutamente todos los monitores son muy amigables el gimnasio está en muy buenas condiciones siempre limpio ordenado y bien equipado la app funciona de maravilla las actividades son entretenidas y demandantes la relación precio calidad es muy buena sí es cierto que si se lo compara con un gimnasio normal es un poco más caro pero también es cierto que el servicio contratado es mucho más personalizado y de mayor calidad por lo que creo que vale la pena pagar la diferencia,5,Hace 4 años
63,mvictoria lopez,muy buen sitio para entrenar clases guiadas y los entrenadores siempre pendientes de que se realicen los ejercicios correctamente además se hace muy ameno con un ambiente agradable recomendable al 100,5,Hace un año
64,Guada Sánchez Aragón,genial la experiencia en distrito! las instalaciones están super bien cuidadas y los monitores son muy top en concreto carol es super buena entrenadora está muy pendiente de todos en las clases y te ayuda a que des lo mejor de ti pudiendo mejorar con cada entrenamiento ademas en temas de gestión y administrativos es súper ágil resolviendo dudas e incidencias que puedan surgir es un 10!,5,Hace 2 años
65,Marita Cuadrillero,siempre he odiado hacer ejercicio pero es la primera vez en mi vida que disfruto haciéndolo y me lo paso bien los entrenadores son simpatiquísimos hacen la clase amena y a la vez muy profesionales y atentos a que hagas los ejercicios correctamente para no lesionarte cumplen con todas las medidas de seguridad e higiene frente al covid los entrenamientos son muy variados y para todos los niveles lo recomiendo al 100,5,Hace 4 años
66,raquel duran,si buscas una manera de practicar deporte y pasártelo bien no hay mejor lugar que distrito de clara del rey las clases son muy divertidas y todos los entrenadores son fantásticos carol es un auténtico amor te ayudan en todos los ejercicios y están pendientes que los realices de la manera correcta siempre buscando el equilibrio entre pasar un buen rato y lograr tu objetivo ¡feliz y afortunada de pertenecer a esta familia!,5,Hace 3 años
67,S R,estoy encantada un sitio con unas instalaciones nuevas y muy cuidadas pero lo mejor es sin duda el personal tan cercano y profesional estuve con carol y me encantó lo bien que explica las clases lo cuidadosa que es con la técnica y lo mucho que se preocupa por sus atletas 100 recomendable …,5,Hace 2 años
68,Rebeca Font,llevaba tiempo buscando un espacio en el recuperar la motivación con el deporte y dí con distrito formato diferente con amplísimo horario de clases de manera que eres tú quien hace su propia rutina pero nunca aburrida los profesores son encantadores y siempre dispuestos a guiarte y adaptarse al nivel de cada persona la música de los entrenamientos y ambiente en general top la verdad que te lo hacen fácil,5,Hace 3 años
69,Cristina morales lópez,¡100 recomendable! las instalaciones y el material están en perfecto estado los entrenadores muy majos están atentos y dispuestos a aconsejarte y ayudarte clases para todos los niveles y en diferentes horarios además el ambiente es genial!!!!!,5,Hace 3 años
70,Arianna de Lima,me encanto! lo mejor del barrio si buscas entrenar de manera diferente conocer gente y participar en clases dinámicas los entrenadores muy preparados y encima son muy simpáticos! da gusto ir allí a entrenar sois los mejores 100 recomendados!,5,Hace 3 años
71,Cristina Almagro,siempre es un gusto venir a entrenar a este centro había estado en otros sitios apuntada y nunca me había gustado tanto sin duda desde el primer momento me ha encantado y adaptado a lo que quería entrenamientos muy completos y variedad dinámicos cada día súper profesionales y simpáticos te hacen sentir en casa siempre los mejores carol y manu siempre saben lo que necesitas y están pendientes de ti gracias por darme energía cada día y sacar lo mejor de mi en los entrenamientos,5,Hace 2 años
72,Rafa V. D.,después de buscar por la zona me decante por distrito 280 y no me arrepiento ambiente cálido y acogedor desde el principio con unos entrenadores y profesionales que para mi alegría cuando comenzamos las clases y mi desgracia cuando las estamos terminando y no puedo mas siempre están atentos ayudando y motivando para realizar correctamente todos los ejercicios y conseguir cumplir los objetivos después de dos meses estoy muy contento y con ganas de continuar seguir mejorando aquí,5,Hace 2 años
73,Marcos López de Carrizosa,la experiencia en distrito 280 clara del rey ha sido increíble de principio a fin las instalaciones la gente que va a entrenar y sobre todo jose el monitor de 10 por motivos laborales voy a estar fuera unos meses pero sin duda lo primero que haga cuando vuelva a madrid será retomar mi suscripción,5,Hace un año
74,Patricia Vinuesa,a pesar de echar el pulmón por la boca en cada entrenamiento no tengo más que buenas palabras para toda la gente que trabaja en distrito son profesionales súper cercanos y da gusto entrenar con ellos las clases son variadas y se adaptan a cada persona en definitiva lo recomiendo!!,5,Hace 3 años
75,Álvaro Suárez,el mejor sitio para hacer deporte en el barrio! a traves de una app se ven y se reservan las clases de la semana teniendo muchos horarios posibles el material y las salas son geniales y los monitores más aún sea cual sea tu nivel te adaptan los ejercicios de la clase y te ayudan con cualquier cosa,5,Hace 2 años
76,Gustavo Souto,después de buscar y probar varios gimnasios y boutiques de entrenamiento por fin doy con uno que merece muchísimo la pena entrenos dinámicos planificados con un material en muy buen estado y muy buenos entrenadores que adaptan cada ejercicio a cualquier nivel no menos importante es la sensación de limpieza tanto en los vestuarios como en las salas e igualmente destacar el diseño del box tanto en distribución como en iluminación y materiales enhorabuena!,5,Hace 3 años
77,Ashley Orr,sin duda apuntarme aquí es la mejor decisión que he tomado últimamente llevo más de seis meses asistiendo a clases de crossfit y estoy flipando con la diferencia en mi cuerpo y el progreso que he hecho al gimnasio siempre me escaqueaba aquí no me pierdo ni una clase los monitores siempre atentos y amables y te sientes cómodo desde el primer momento con todas las variaciones que te ofrecen gracias a eric carol y josé por vuestro trabajo excelente pondría 6 estrellas ¡pero no hay!,5,Hace 3 años
78,Paula Moreno Caballero,distrito se ha convertido en mi segunda casa los entrenadores son fantásticos siempre ayudándote a buscar la mejor técnica y cuidando los movimientos si buscas motivación y entrenar por tu salud este es el sitio!,5,Hace un año
79,Virginia Bordin,distrito es más que un gimnasio es un refugio que trae motivación! tiene un ambiente vibrante y un equipo dedicado cada sesión se convierte en una experiencia increíble gracias a todos por esa inspiración y dedicación!,5,Hace un año
80,Elena Merino,tras muchos intentos en gimnasios convencionales llegue a distrito y flipé! súper profesionales clases duras pero divertidas siempre pendientes de todos nosotros los coach y geniales las instalaciones también sin duda la mejor decisión que he tomado! superación y motivación día a día no os lo penséis y apostar por vuestra salud!,5,Hace 3 años
81,Paula Hoyos,centro súper recomendable buen ambiente los profesionales son un 10 te asesoran te ayudan a hacer los movimientos correctamente las clases se pasan súper rápido y notas los efectos del entrenamiento desde el primer día gracias,5,Hace 2 años
82,Paula C,les doy 5 estrellas porque no hay más! desde el primer día te hacen sentir como en casa el centro dispone de material muy nuevo y cómodo todo se limpia y desinfecta después de cada uso entrenadores muy profesionales y amables a pesar de ser clases grupales la atención es personalizada y están muy pendientes de realizar las correcciones que sean precisas para evitar lesiones igualmente hay adaptaciones para todos los ejercicios sea cual sea tu nivel lo recomiendo 100 !!,5,Hace 4 años
83,Agnieszka Reczek,un lujo de gimnasio sobre todo por sus empleados…equipazo!!! siempre pendientes de ti te animan todo el tiempo y corrigen si hace falta buenas instalaciones buena calidad del material y de las máquinas de cardio el programa de los entrenamientos muy efectivo con constancia y un poquito de dieta el éxito garantizado para milagros a lourdes recomendado,5,Hace 3 años
84,Carlos G.I.,la profesionalidad trato y seguimiento que dan es lo que marca la diferencia buen ambiente de todas las edades y tres modalidades de entrenamiento adaptadas a los objetivos que busques o tu nivel de forma tambien tienen yoga pero no he probado todavia todo el personal es de 10,5,Hace 2 años
85,Cristina Armero Amezaga,estoy encantada con este centro! clases personalizadas un espacio limpio todo bien organizado y los entrenadores muy atentos para corregirte durante el entrenamiento y motivar! muy recomendable!,5,Hace un año
86,Clara Hbo,el sitio ideal para retomar el deporte desde cero las actividades son adaptadas a tu nivel y los monitores son encantadores hacen que entrenar sea súper divertido y motivador cada día me apetece más entrenar y sin duda en parte es por distrito 280 clara del rey ¡a seguir!,5,Hace 3 años
87,Paula Gutierrez Martinez,el mejor sitio para entrenar siempre con energía positiva dandolo todo en las clases hacen que hacer deporte sea mucho mas divertido y te den ganas de ir todos los días acabas formando parte de una gran familia y eso está genial además cuidan mucho la limpieza y estan pendientes de que siempre esté todo recogido y limpio,5,Hace 3 años
88,Maho Hernández,si buscas ir más allá de tus límites y metas de fuerza resistencia y salud este es tu lugar! distrito de clara del rey es de los mejores centros de entrenamiento que he estado en madrid además de tener variedad de clases con diferentes intensidades tendrás a un equipo de entrenadores que son lo mejor de lo mejor he trabajado mucho con carol david izan y jose y son simplemente lo máximo podría incluso decir que creen más en mi que yo misma en conclusión mega recomendado!,5,Hace 2 años
89,Lorena Martin,el mejor centro de entrenamiento! disponibilidad y variedad de clases para ir a la que más se ajuste a ti además cada clase es diferente a la anterior y no sé repiten rutinas los coach están todo el rato pendientes para corregirte y mejorar y la app funciona de maravilla para ir apuntando tus avances y hacer seguimiento,5,Fecha de edición: Hace 2 años
90,Patri S,llevo más o menos un año apuntada y estoy encantadísima el ambiente es buenísimo los coaches y la profe de yoga son geniales y están muy atentos corrigiéndote cuando es necesario lo recomiendo 100 …,5,Hace un año
91,Pablo Gonzalez,cero atención a la técnica mucha motivación y música alta para que hagas mil repeticiones si es posible aunque estén mal ejecutadas si te lesionas los isquios también genial como fue mi caso en la clase de prueba super caro y mucha gente pero bueno supongo que tampoco es culpa vuestra tendría que saber parar si crees que estás en tu límite pero el ambiente no te anima a ello sino a seguir hasta que rompes,1,Hace 2 años
92,Edglé Suárez Pedraza,distrito 280 es un excelente lugar para hacer ejercicio las instalaciones están muy bien los equipos en buen estado clases muy exigentes y dinámicas que se pueden ir adaptando a las capacidades de cada persona lo mejor de este centro su equipo monitores muy profesionales que transmiten entusiasmo te ayudan corrigiendo las posturas y te animan cada día a darlo todo no hay espacio para aburrirse en distrito!!!,5,Hace 3 años
93,Tamara Gonzalez Castro,estupendo sitio para entrenar con instalaciones y material en muy buenas conducciones la calidad humana de distrito es genial siempre pendiente y ayudando en todo momento recomendable 100,5,Hace un año
94,Alexandra Segnini,me encanta este box las instalaciones son cómodas y el trato de los coaches estupendo! siempre están atentos dentro de las clases y fuera de ellas! a parte se puede disfrutar otras disciplinas a parte del crossfit ! excelente centro ! …,5,Hace 2 años
95,Jose Javier Laborda López,impresionante centro donde el material l s entrenador s y el ambiente son super top todos los coach están siempre dispuestos a adaptar los ejercicios según el nivel o molestia los discos barras racks etc son singularwod cosa que se agradece muchísimo y en clase se respira un buen rollo genial ya sea por l s compañer s la música o bromas sin duda te van a hacer sudar!! recomendable 100,5,Hace 3 años
96,Gaby Benítez,si buscas un lugar con buena vibra instalaciones súper modernas excelentes profesores y los mejores entrenamientos pues ya lo encontraste… ¡qué buen rollo que tiene este distrito! además que es súper integral ofrecen desde entrenamientos físicos de primera hasta clases de yoga que son maravillosas recomendado totalmente,5,Hace 4 años
97,Álvaro Poveda,llevo 6 meses entrenando en distrito 280 estoy contentísimo realmente se centran en la técnica de los ejercicios y están atentos de como hacemos cada movimiento los eventos que hacen de forma interna también son top! sin ninguna duda carol es la mejor coach que podemos tener,5,Fecha de edición: Hace un año
98,Alba Martín caminero,empecé hace poco pero me encanta los entrenadores son super amables cercanos y siempre dispuestos a ayudar en todo lo que necesites hay un ambiente increíble en el centro siempre que vas a una clase te vuelves satisfecha y con una sonrisa!…,5,Hace 2 años
99,Paz Martin-Borregon Marquina,el mejor gimnasio de la zon sin duda material completamente nuevo siempre impecable y los monitores no pueden estar más pendientes de tí se adaptan al nivel de cada alumno sin problema y son excelentes profesionales y mejores personas,5,Hace 4 años
100,Cop3tin,excelente lugar para venir a entrenar hace años quería hacer crossfit y cuando por fin me decido los he encontrado a uds! claro primero empezando de a poco los coaches todos siempre pendientes te exigen y te enseñan todo muy muy bien los compañeros todos muy buena nota… no los cambiaría por nada del mundo!! recomendados por,5,Hace 3 años
101,Adela Berned,clases variadas y divertidas explican técnica están pendientes de uno sea o no su primer día y ofrecen variaciones para los ejercicios si no se pueden hacer o hay lesiones entrenadores súper majos y cercanos sudas la gota gorda tendrás agujetas y te divertirás sufriendo o sufrirás mientras te diviertes? sitio limpio material nuevo diferentes tipos de clases mola recomendado 100,5,Hace 4 años
102,Santiago Velasco,me uní a distrito hace un mes y sin duda estoy encantado el espacio está completamente equipado la oferta da para todos los niveles y los coaches son un 10 10 en profesionalidad y buenrollismo si buscas un espacio de entrenamiento en prospe no lo dudes y vente a probar,5,Hace 2 años
103,Erika Ruiz,una de las mejores opciones para entrenar … los monitores hacen la diferencia en una semana he sentido un cambio tremendo y además me motiva todos los días a levantarme estando en un lugar con tan buena energía lo recomiendo 100 si es que quieres retar a tu cuerpo y divertirte al mismo tiempo,5,Hace 2 años
104,patricia alonso gonzalez,una de las mejores decisiones que he tomado es entrenar en distrito 280 clases grupales donde reina el compañerismo junto con unos entrenadores que ofrecen atención personalizada adaptando cada ejercicio a tus necesidades la combinación perfecta por supuesto respetan todas las medidas de seguridad limpiando y desinfectando todo tras su uso recomendable 100 !!,5,Hace 4 años
105,Sendoa Moronta,un gran descubrimiento!! es un sitio ideal para estar en forma de una manera super divertida y dinámica los entrenadores son súper cercanos y unos cracks siempre sacando un poco mas de ti y cuidando mucho que los ejercicios se hagan respetando el cuerpo que al final es lo mas importante las instalaciones están muy bien grandes con aforos ajustados a ellas y mucho material destacando la limpieza que esta siempre impecable,5,Hace 3 años
106,Pilar Davila,un concepto diferente de gimnasio en el barrio grandes profesionales que están contigo animando y asesorando con varios tipos de entrenamientos y clases de yoga fantásticas para poder combinarlo todo y elegir lo que mejor se adapta a ti trato muy cercano que hace que te sientas motivado y que perteneces a la gran familia distrito 280,5,Hace 3 años
107,Anyi Pérez,desde que abrieron este gimnasio voy muy tranquila cumple las medidas de distancia perfectamente cada uno tiene su espacio y para mi es importante la atención personalizada que tenemos se interesan por todos los que asistimos esto hace que tengas seguridad en las disciplinas que practicas,5,Hace 4 años
108,Alba Sánchez Revilla,recomiendo distrito 280 encarecidamente instalaciones estupendas dotadísimo de material y monitores maravillosos trabajan con una aplicación cómoda y sencilla que te permite reservar hasta con 3 días de antelación la clase a la que deseas acudir amplitud de horarios tienda de ropa física y fisioterapeuta disponible para cualquier necesidad ¡todo un acierto para disfrutar haciendo deporte!,5,Hace 3 años
109,Eduardo Sanfrutos,el centro está super bien muy amables y con mucha flexibilidad durante las sesiones te dan mucho seguimiento y te ayudan a motivarte es un placer estar con ellos!,5,Hace un año
110,Oscar Cantu,excelente lugar los entrenadores maravillosos y las instalaciones de primer nivel!! llevo poco en el sitio pero me han encantado las distintas clases!! 100 recomendable!!,5,Fecha de edición: Hace un año
111,Gonzalo Cisterna,el mejor gimnasio de madrid y alrededores jose el profe es muy didáctico y tiene siempre la mejor onda a pesar de las caras de dormidos de las 7am! 100 recomendable,5,Hace un año
112,Raquel Alvarez,excelente centro los entrenadores son geniales jóvenes con conocimientos muy actualizados además de un trato cercano y familiar material nuevo buenas instalaciones y medidas covid desinfección al finalizar cada clase 100 recomendable,5,Hace 4 años
113,Jorge Eliezer Romero Odorisio,entrenamiento top gente súper maja y comprometida con los entrenamientos eric carol isa y jose son maravillosos los mejores entrenadores me estoy preparando para una spartan y siempre me dan buenos consejos y recomendaciones servicio 10 10 100 recomendado ¡anímate!,5,Hace 2 años
114,Natalia Lezcano Sticchi,hace 5 meses entreno con ellos y estoy encantada los profes son súper profesionales y las clases muy variadas el equipamiento del centro es muy completo y lo mejor de todo es que abren de lunes a domingos,5,Hace 2 años
115,Merche Martin,un box maravilloso en el que aparte de hacer deporte haces amigos además de los wods también se organizan eventos con los que poco a poco se va conformando una gran familia mención especial para carol la mayor experta en crossfit que he conocido y mejor persona además de vacilona jose quien te enseña a superarte entreno a entreno e isa que te alegra cada entrenamiento con su ánimo gracias a todos chicos,5,Hace 2 años
116,Alicia Hurtado Morales,me encantan las clases son intensas pero muy divertidas y lo mejor son los entrenadores que están siempre ahí para ayudarte a acabar los entrenos y para vigilar que hagas todo correctamente 100 recomendable,5,Hace 3 años
117,G A,nuevo centro de crossfit en el barrio! grandes profesionales super pendientes de los que entrenamos y de que todo se ejecute con técnica carol es una auténtica crack y todo su equipo es de 10! tienen variedad de clases para diferentes niveles y además los instructores se adaptan a ti,5,Hace 4 años
118,Patro Castilla García,entrenar en distrito 280 clara del rey es simplemente genial los entrenadores se adaptan perfectamente a tu nivel te aconsejan te retan y exigen un poquito más cada día lo que te ayuda a mantener alta la motivación y ver resultados distintos! hacía tiempo que entrenar no era tan divertido! ah y es de agradecer también lo limpio y ordenado que está siempre todo,5,Hace 3 años
119,paula hector,centro con clases colectivas divertidas dinámicas e intensas cuenta con entrenadores que consiguen que te motives y que quieras más son muy profesionales así como muy atentos ya que adaptan todos los ejercicios en función de las capacidades de cada persona un gran descubrimiento,5,Fecha de edición: Hace 4 años
120,Susana,gran centro par entrenar con varias opciones en función de lo que estes buscando las instalaciones y los materiales son muy completos hay casi de todo y lo que echas en falta lo tienen en cuenta para adquirirlo y está todo el material nuevísimo las clases de wod son muy dinámicas y completas se aprovecha al máximo la hora completa dirigida siempre por buenos profesionales,5,Hace 4 años
121,Claudia Zurro Polvorosa,no solo es importante el gimnasio que está cuidado y con todo el material necesario sino el staff que es genial el combo perfecto para hacer lo que más nos gusta entrenar duro!!! 100 recomendable!!!,5,Hace 2 años
122,Javier Perez,un lugar excelente para hacer ejercitarte y ponerte en forma los entrenadores muy amables atentos y profesionales durante todos los workout las instalaciones muy impecables y bien equipadas 100 recomendado,5,Hace 3 años
123,LUIS MIGUEL LOZANO SANCHEZ,nunca había entrenado en un box de crosfit y he de decir que conocer distrito 280 a sido una agradable sorpresa el box muy bien montado los entrenamientos muy entretenidos en un ambiente muy agradable con los coach siempre atentos y animando en definitiva sales machacado pero feliz,5,Hace 3 años
124,Carlos Romano,muy contento con el gimnasio y con la organización y la planificación de las clases por parte de los monitores las instalaciones son inmejorables así que muy recomendable tanto para principiantes como para gente más experimentada,5,Hace 2 años
125,Alvaro Bisbal,muy buen box todo está nuevo y tienen mucho material diáfano para entrenar que es importante los entrenadores muy cercanos y muy bien ambiente,5,Hace un año
126,Juan Manuel Castillo Castillo,el mejor centro de entrenamiento de madrid entrenamientos totalmente adaptados a tu nivel necesidades y objetivos con los monitores siempre atentos a la técnica en los ejercicios para evitar cualquier lesión llevo un año entrenando con ellos y los resultados son increíbles,5,Hace 3 años
127,Natalia Rodríguez,entrenamientos variados y muy amenos los entrenadores te ayudan en todo momento y en poco tiempo notas una gran evolución sin duda ha sido un acierto comenzar a entrenar en distrito totalmente recomendable!,5,Hace 3 años
128,Paloma Castro Hernandez,una maravilla de centro de entrenamiento tienen unas instalaciones buenísimas y un equipo inmejorable todos los entrenadores son grandes profesionales y encantadores lo recomiendo al 100 !,5,Fecha de edición: Hace 10 meses
129,Pablo Mendez Vazquez,venía de distrito 080 de barcelona y tuve clase con izan atento siempre explicando ayudando de diez las instalaciones muy buenas y el trabajo cansado como debe ser! te animo a probarlo!,5,Hace 2 años
130,Luis Pin,llevo un par de meses en distrito 280 clara del rey y estoy encantado el sitio está genial el material nuevo todo muy cuidado mucha variedad de clases una app muy chula para hacer las reservas y ver las rutinas de cada día… pero lo mejor son los coaches siempre pendientes y adaptando los ejercicios al nivel de cada persona,5,Hace 3 años
131,julita0307,llevo entrenando 5 meses ahí nunca me había enganchado tanto ningún deporte es divertido dinámico y la gente es genial los monitores están súper atentos a todo y ayudan y motivan muchísimo súper recomendable!!,5,Hace 2 años
132,Gabriela Álvarez,recomendable 100 las instalaciones son geniales y el equipo humano fantástico siempre buscan la manera de adaptarse a ti! es un todo en uno ya que tienes acceso a variedad de actividades desde crossfit a yoga… y servicios de fisioterapia y nutrición!,5,Hace 4 años
133,Elias Davalillo,no existe mejor sitio que este para ponerte en forma en toda madrid acompañado de los mejores profesionales encabezados por estupenda dirección de carolina y la diversidad de entrenamientos que nos ofrece sara carmen jose y marcos que hacen de la preparación física una experiencia estupenda gracias …,5,Fecha de edición: Hace 6 meses
134,Yesid Fabian Zambrano,excelente lugar para entrenar! muy bien equipado y con instructores muy capacitados 100 recomendado,5,Hace un año
135,Cristina Castro Escudero,por primera vez voy feliz a gimnasio clases divertidas y con muy buen rollo los profes súper atentos te ayudan a dar lo mejor de ti y sudar mucho!,5,Hace 3 años
136,Celia Ruiz,todos y cada uno de los miembros del equipo son pa comérselos de lo majxs que son es un gusto ir a entrenar cada día porque no solo te motivan a superarte día a día sino que lo hacen desde una cercanía y un sentimiento de equipo que de verdad qué gusto y qué suerte,5,Hace un año
137,Pilar Viñas García,uno de los mejores sitios para entrenar en madrid se nota de verdad y están muy atentos de ti corrigiéndote los movimientos y metiendote mucha caña el sitio es muy guay y los coaches son muy buenos muy muy recomendable además el sitio está genial en cuanto a instalaciones,5,Hace 3 años
138,Gisela Fernández Álvarez de Miranda,distrito es un sitio top para hacer deporte sudar la camiseta liberar endorfinas a tope y pasártelo bien las clases muy amenas y cañeras nunca te arrepientes de haber ido a entrenar,5,Fecha de edición: Hace un año
139,Julian Merino,recomendadísimo! entrenadores son super atentos enseñando y adaptando las clases a las necesidades de cada uno las clases son tan duras como divertidas con un ambiente top entre compañeros y profesores …,5,Hace 3 años
140,Dione Pandolfi,a parte de excelentes profesionales son muy divertidos me encanta! estoy muy contenta con el cambio que tuve en mi cuerpo los entrenadores muy pendientes de todo de verdad estoy muy encantada sois los mejores chicos,5,Hace 3 años
141,Carla Gutierrez,es un box con excelente materiales y espacio muy cómodo y confortable los coach son una pasada y la comunidad también es muy cercana lo que hace que sea muy ameno ir cada día a entrenar sin dudas un excelente lugar para progresar!!,5,Hace 3 años
142,María del Mar Pintor,un gran box! los monitores son súper profesionales y agradables siempre atentos a la técnica para que podamos mejorar clases divertidas y cañeras material e instalaciones excelentes un gran acierto!!!,5,Hace 4 años
143,Rodrigo Ben Da Silva,este ha sido mi primer centro de crossfit buenos profesionale y motivadores te hacen darlo todo en entrenamiento y siempre dispuestos a enseñarte como hacer un movimiento bien y corregir cosas durante el entrenamiento perfecto si solo dispones una hora al día para entrenar,5,Hace 2 años
144,María Mira,distrito 280 de clara del rey tiene un verdadero equipazo! siempre cercano y dispuesto a ayudarte y sacar lo mejor de ti para alcanzar nuestros propios objetivos disponen de todos los elementos necesarios para ejercitar de la forma más completa y haciendo uso de ejercicios hiit basado en movimientos que favorecen el fortalecimiento a través del movimiento natural del cuerpo humano combinándolo con una alta intensidad variando en función del tipo de clase al que vaya orientado entre estos también cuentan con yoga también espectacular ya que consigues desbloquear zonas músculo esqueléticas y nudos más allá de lo físico en resumen un para ellos y gracias gracias siempre por todo!,5,Hace 2 años
145,Sandra Bravo,el mejor gimnasio en el que he estado los profesores de las clases son un amor y te ayudan en todo además el ambiente que hay es una pasada solo tengo palabras buenas para distrito,5,Hace 2 años
146,Oriana Carvallo,el mejor sitio para entrenar! las clases súper completas y las instalaciones geniales punto extra para los coach que son muy amables y están siempre dispuestos a ayudar y enseñar,5,Hace 4 años
147,María García López,fueron los primeros en acogerme cuando llegué a madrid!! entrenadores profesionales y cualificados de los deportes que se imparten se adaptan al nivel de cada persona y siempre con ganas de enseñar gracias chicos muy recomendable!,5,Hace 3 años
148,María Claudia Rosales,super la clases de bootcamp jose caro y ethan son super amables y excelentes instructores la clase es exigente y retadora pero dan buenas explicaciones y traza objetivos alcanzables,5,Fecha de edición: Hace un año
149,Nicole García Poutón,de 10! conseguir que te lo pases bien entrenando es todo un logro y ellos lo consiguen! coachs super atentos y profesionales y entrenamientos para todo el mundo tanto si te gusta la barra como si no el lugar acogedor y limpio muy recomendable!,5,Hace 3 años
150,Angel,muy buen sitio para entrenar te sientes muy realizado al acabar las sesiones y se disfruta de estas las instalaciones están genial y se nota que los entrenadores saben lo que hacen y los entrenamientos son variados 10 10,5,Hace 3 años
151,Leyre Sastre,centro de entrenamiento de diez!! super recomendado los entrenadores además de ser super top son majisimos te sientes como en casa entrenando…,5,Hace un año
152,Laura Alvarado,ha sido una grata sorpresa conocer este centro para entrenar espacio ordenado material suficiente puntualidad y buen rollo son algunas de sus características que más me gustan!,5,Hace 3 años
153,Tatiana del Rio,es una maravilla de box además los coach son majisimos espero que pronto pueda volver a entrenar con ellos ya que ahora por motivos de trabajo me es muy complicado ! y carol majisima por cierto !,5,Hace un año
154,Anca F.,me he apuntado hace mes y medio y la verdad que las clases son súper divertidas el personal del centro muy pendiente de todos nosotros y muy buen rollo y nada daros las gracias por el trabajo que hacéis y por el trato que dais lo súper recomiendo!,5,Hace 4 años
155,Pablo Juste,las instalaciones y materiales se encuentran en perfecto estado además de contar con toda la variedad necesaria para adaptar los ejercicios a cada uno pero sin duda lo mejor es la atención y el equipo de monitores la pieza clave para el desarrollo y constancia de uno mismo,5,Hace 4 años
156,Ángel Roldán,el único gimnasio con clases dirigidas que me ha enganchado la atención es muy personalizada y la dinámica de las clases hace que no sea repetitiva y aburrida tienen una app para reservar las clases que resulta ser comodísima muy recomendable,5,Hace 4 años
157,Clara de Cossío,la verdad que los coaches son una pasada y el ambiente muy chill muy familiar la calidad de las clases es top los coaches estan siempre pendientes de la calidad y la técnica de tu movimiento lo recomiendo 100 mil veces si hace falta,5,Hace 4 años
158,Cristina Dib Zuloaga,excelente para entrenar ! el local es amplio limpio y muy bien equipado además los entrenadores son particularmente buenos y te llevan a retarte y mejorar ¡me encanta!,5,Hace 4 años
159,Paula López Villar,las clases son súper dinámicas y enganchan un montón además los monitores hacen que te retes constantemente lo recomiendo 100,5,Hace un año
160,Cristina Gracia,me mudo y por eso tengo que dejar el gimnasio han sido dos años geniales! después de un parto y con poco tiempo para entrenar han sacado lo mejor de mi os voy a echar muchoooo de menos!,5,Hace 2 años
161,Carla G,clases muy personalizadas con monitores siempre pendientes para ayudarte a mejorar las instalaciones están genial y el ambiente es muy bueno,5,Hace un año
162,Elena Santisteban,estoy muy contenta con distrito 280! un gimnasio muy bien preparado con todo el material necesario clases variadas y adaptadas a cada persona monitores muy atentos y un ambiente de equipo súper bueno que te anima a seguir incluso cuando no puedes más recomendadisimo!,5,Hace 4 años
163,Eid Fakhouri,he entrenado en muchos sitios y en ninguno he experimentado como en distrito el sentimiento de familia y de superación en grupo como aquí es mi momento feliz del día a pesar de que se que voy a sufrir en el buen sentido el nivel profesional y lo amenas que hacen las clases sus entrenadores me hacen superarme a mí mismo en cada clase de hecho no voy a más clases pq tengo miedo de que me llame marvel sea cual sea tu nivel prueba este gym te vas a sentir como uno mas desde la primera clase y vas a sentir como tú condición física mejora rápidamente casi sin darte cuenta ‍ pd no veas como te vienes arriba con la música que ponen,5,Hace 2 años
164,Freddy Leon,increibles intalaciones con incluso mejores entrenadores que se preocupan mucho con que todos estemos entrenando de forma segura y eficaz! excelente ambiente en todas las clases muy recomendable a todo el mundo!!,5,Hace 3 años
165,Raquel Mendivil,¡el mejor box de madrid! a pie de calle con luz natural una sala amplia y los mejores entrenadores ¡volveré seguro!,5,Hace 10 meses
166,Andrea Quintero,excelente entrenamientos super amables todos los coach de 10 y algo importante ! siempre muy ordenado y limpio! me encanta! recomendadísimo!,5,Hace 2 años
167,Pepito Tejero,excelente box para entrenar tienes diferentes programas de entrenamiento para que elijas el que se adapta a ti los coach geniales y hay suficientes máquinas y equipo para todos los participantes,5,Hace 2 años
168,Lucía Zaragüeta,instalaciones nuevas y totalmente equipadas las clases súper dinámicas completas y muy cañeras los monitores un 10 siempre dispuestos a ayudar y enseñar se lo recomiendo a todo el mundo!!,5,Hace 4 años
169,Laura Retamal Hermosel,encantada con los entrenamientos que son siempre dinámicos y muy motivadores para seguir avanzando muy buen ambiente y buenas instalaciones lo recomiendo 100 …,5,Hace 2 años
170,Adriana Sanchez,aprendes técnica coordinación haces cardio desconectas te lo pasas bien salgo siempre de clase con ganas de volver aunque haya días que acabe agotada especial mención a los coaches que te motivan te ayudan y te hacen más ameno cualquier entrenamiento un 10 10 en todo,5,Hace 3 años
171,Daniel Garcia,un sitio muy top para entrenar con buen ambiente y buenos profesionales que siempre están atentos a corregirte en los ejercicios 100 recomendable si quieres entrenar y pasártelo genial,5,Hace 2 años
172,Celia Sayago Sánchez,distrito 280 clara del rey ha revolucionando mis entrenamientos probé varias boutiques en madrid pero no me ubiqué hasta dar con ellos manu carol jose eric están creando una bonita comunidad exigentes y en grupos reducidos te hacen salir de tu zona de confort los entrenamientos cambian cada día y trabajan con 4 disciplinas diferentes ¡¡adiós a las rutinas!!,5,Hace 4 años
173,Laura,desde que estoy en distrito me ha cambiado la vida yo era la típica persona que pagaba por no ir al gimnasio y es que venir aqui me encanta!! me lo paso bien te hacen sentir como en casa y eso es algo que valoro mucho el trato es lo mejor gracias chicos!,5,Hace 2 años
174,Oskarina Delvalle,estoy muy contenta el equipo es extraordinario y que nos entrenan con mucho cariño y excelencia ‍…,5,Hace 4 años
175,Luis Duque,llevaba mucho tiempo sin hacer deporte y quería hacer algo diferente me decidí por distrito y en qué hora porque me he enganchado el ambiente muy bueno los coach muy buena gente y profesionales distrito me ha cambiado mi vida gracias,5,Hace 3 años
176,Miguel Salmeron,muy completos los programas de ejercicio con una gran variedad de clases para jamás aburrirte y engancharte los alumnos gente normal y no lo que solemos encontrar en los típicos gimnasios,5,Hace 4 años
177,sergio perez valencia,buen box para entrenar en madrid no habia probado nunca este deporte se adaptaron a mis inicios y la verdad que estoy contentisimo! el staff agradable y cercano recomendadisimo 100,5,Hace 4 años
178,Bianca Matias,por primera vez en la vida disfruto haciendo deporte y es gracias a distrito los coaches son super majos y profesionales y hay muy buen ambiente gracias distrito clara del rey …,5,Hace 2 años
179,eva garcia,un sitio donde poder hacer deporte y a la vez disfrutar monitores muy pendientes de tu evolución y corregirte durante las clases es otro concepto de gimnasio lo aconsejo totalmente,5,Hace 4 años
180,Elena del Moral,me duele hasta la vida pero estoy encantada me gusta mucho el concepto que han creado tienen entrenamientos de diferente intensidad y muy variados para no aburrirse el material e instalaciones todo nuevo y a la ultima tendencia los profes lo mejor,5,Hace 4 años
181,Sergio S,un centro genial! si quieres recuperar la energía que creías haber perdido este es tu lugar buenísmos profesional y un horario muy flexible que se adapta a tus necesidades,5,Hace 3 años
182,Rocio Av,el mejor box en el que he estado desde el primer momento han estado muy pendientes de mí adaptándome los ejercicios a mis necesidades corrigiendo para no hacerme daño las clases son cada día diferentes por lo que no se hace repetitivo sin duda lo mejor es el ambiente y el trato recomendable,5,Hace 4 años
183,Estefanía Muñoz,son geniales! llevo dos meses con ellos y estoy mirando muchísima evolución te ayudan en todo y las clases son muy cercanas y personalizadas lo recomiendo 100 …,5,Hace 2 años
184,Isabel Padilla Araque,si quieres conseguir tus objetivos en tiempo récord y duraderos es tu sitio! los entrenadores te motivan en cada ejercicio y el ambiente te ayuda a querer venir cada día con más ganas,5,Fecha de edición: Hace 3 años
185,Vanessa Álamos,llevo entrenando desde enero y no lo cambio por nada ya se siente como una familia porque todo el equipo es maravilloso me he quitado el miedo a probar cualquier clase y ya he ido a todas aunque me quedo con crossfit y yoga todo el equipo es increíble se fijan en tu proceso y te ayudan a que todos los cambios sean muy progresivos y adaptados a ti y estoy enganchada a distrito no se qué han hecho conmigo!,5,Hace 3 años
186,Andreina Rivas Lampe,entrenar aquí ha sido de lo mejor del 2022 entrenadores increíbles simpáticos y sacan lo mejor de ti! trabajan con una app ideal para reservar las clases!,5,Hace 2 años
187,Pablo Garcia Velasco,dude en cambiarme de centro porque en el que estaba me iba muy bien pero acerté totalmente con el cambio súper cuidado todo material y limpieza siempre de 10 los coach muy profesionales atentos y amables siempre a disposición del usuario buscando su mejora diaria muy contento,5,Hace 3 años
188,Pili Dómina,me encanto las clases son increíbles los profesores súper pendientes y dispuestos a enseñarte cada ejercicio lo recomiendo 100,5,Hace 3 años
189,Sandra Arevalo,muy buen sitio para entrenar las clases son duras pero el personal está siempre pendiente de ti sitio recomendable,5,Hace 3 años
190,Yaiza Jimeno,super recomendable!! poca gente entrenamientos duros y el personal super amable y atento a cada persona,5,Hace 11 meses
191,Mariam Aguilar,no lo sabía pero buscaba un sitio en donde pudiese practicar yoga y entrenamientos divertidos donde quemar de verdad … y lo encontré en distrito clara del rey el personal inmejorable y totalmente recomendable,5,Fecha de edición: Hace 3 semanas
192,Adriana Carvallo,me encanta entrenar en distrito! el sitio muy bien cuidado y equipado con todo lo necesario y sobretodo muy buen rollo y coaches excelentes,5,Hace 4 años
193,Elena Gonzalez,viniendo de distrito barcelona probé este centro y me pareció genial coaches muy atentos con los movimientos y las correcciones super motivadores y la gente muy maja un gustazo entrenar aquí,5,Hace 3 años
194,Néstor Pallés,llevo viniendo tres meses y la verdad es que cada día vengo con más ganas las clases son muy entretenidas y completas y los monitores muy top muy recomendable,5,Hace 3 años
195,Blanca Alfageme Lain,muy bien lugar para entrenar en prosperidad el material está fenomenal con muy buen ambiente muy recomendable,5,Hace un año
196,Elena Plaza,distrito 280 ha logrado hacer que me supere a mí misma los entrenadores son profesionales que te motivan a mejorar día a día además la variedad de horarios que ofrece me permite no fallar ninguna semana!,5,Hace 2 años
197,Cristina Ruiz de Loizaga García,llevo 7 meses entrenando en distrito y me encanta! cada día entremos diferentes los entrenadores siempre atentos! lo recomiendo!,5,Hace 3 años
198,Miguel Mallo,gran descubrimiento distrito 280! box muy nuevo con muchos horarios y dónde además de crossfit hay bootcamp y los coach muy majos! súper recomendable,5,Hace 4 años
199,Santiago Sánchez,me apunté porque estaba aburrido del gimnasio y sin duda fue todo un acierto buena vibra en las clases los profesores todos genial y mucho sudor y sacrificio!,5,Hace 2 años
200,Antonio Torralbo Carmona,maravilla de box ambiente familiar y siempre buen rollo en los entrenamientos así da gusto ir a entrenar mejoré mucho mi técnica con súper coach carol recomendable 100 …,5,Hace 2 años
201,Jean Carlos Francisco Ravelo,gracias a todo el equipo que conforma distrito jose izan carol david manu… son todos unos fenómenos muy buenas instalaciones y mejor ambiente,5,Hace un año
202,Sandra Pérez Sobrino,el centro de entrenamiento está fenomenal! es súper amplio y los entrenadores son muy cercanos! hay muy bien ambiente!,5,Hace 2 años
203,Nerea Lopez,cuidan los detalles al máximo te sientes como en casa! equipo especializado entrenamiento seguro y eficaz recomendable 100,5,Hace un año
204,Enrique Satué,es un gimnasio en donde entras y te saludan por tu nombre nada que ver con el resto… es muy divertido y se pasan las clases volando!!!!,5,Hace 2 años
205,Diego CL,top el equipo y los entrenamientos! muy recomendable a todos los niveles y muy buena acogida,5,Hace un año
206,Virginia Rubiales Capelo,el mejor gimnasio de todos! ambiente muy bueno y grandes profesionales muy pendientes de ti y te enseñan mucho súper contenta,5,Fecha de edición: Hace 2 años
207,Eva Escuder Flores,las clases están genial cañeras y los profesores son muy simpáticos si te quieres poner en forma es tu sitio!,5,Hace 3 años
208,Mabel Massaad,de los mejores centros ! las clases está muy bien y los entrenadores muy top y siempre atentos,5,Hace 2 años
209,Elena Valverde Sánchez,llevo yendo desde febrero y el cambio físico que he notado en tan solo 6 meses ¡ha sido brutal! estoy muy contenta y todos en el equipo son fantásticos ¡recomiendo 100 !,5,Fecha de edición: Hace 3 años
210,Elena C,el mejor sitio para entrenar me gusta el deporte gracias a ells se adaptan a tu nivel y lo hacen todo mucho más fácil las instalaciones de 10,5,Hace 3 años
211,Carmen Gómez,hoy primera clase de pilates con jose y serán muchas porque ha sido genial! ¡buena iniciativa distrito!,5,Fecha de edición: Hace un año
212,FYSAW Follow Your Soul,centro estupendo para entrenar cuidan mucho de la técnica adaptada a cualquier persona cris es exigente pero magnifica! un placer sudar allí! …,5,Hace 4 años
213,Ana Madarnás,muy buenas clases y entrenadores top cada clase es diferente a la anterior y te motivan constantemente para dar lo mejor de ti en cada entreno,5,Hace 2 años
214,Maria Gimenez-Cuenca,súper recomendable! entrenamiento muy completo y adaptado a cada persona según sus circunstancias profesores top con mucha experiencia,5,Fecha de edición: Hace 3 años
215,Diego,magnifico centro de entrenamiento con horarios muy flexibles y profesionales muy cercanos y el entrenador jose muy máquina! lugar recomendado sin duda!,5,Hace 3 años
216,Vicente Rufo,excelente box instalaciones nuevas y cuidadas coachs profesionales y agradables variedad de horarios gente maja… me encanta entrenar ahí …,5,Hace 4 años
217,Sandra Samper Martinez,todo muy bien muchas clases diferentes a las que ir y el horario es muy variado,4,Hace un año
218,gmail account,el lugar esta muy bien tienen bastante material esta cuidado hay buen ambiente los ejercicios molan y los profesores te enseñan muy bien están pendiente de la posturas y demás,5,Hace 4 años
219,Begoña Deutsches,¡muchas gracias por vuestro trabajo chicos! me voy muy contenta de vacaciones sabiendo que he mejorado mucho y aprendido nuevas técnicas gracias a jose y carol,5,Hace un año
220,H.M. S,buen centro muy limpio todo llevo mes y medio yendo por parte de los entrenadores correcciones continuas para evitar hacerte daño muy profesionales todos aconsejable a todos los niveles,5,Hace 3 años
221,Adriana Cruz,el equipo son los mejores siempre están pendientes de ti y te ayudan a progresar! si quieres un sitio que te rete pero a la vez que vayan a tu ritmo este es tu lugar!!,5,Hace 2 años
222,Clara Fernández López,me encanta ir! todo el equipo es súper profesional y amable sobretodo eric! voy a clase motivada y veo resultados cada día!,5,Hace 4 años
223,María V G,tienen los mejores entrenadores da gusto ir a entrenar! muy recomendable!!,5,Hace un año
224,Sandra Monís,instalaciones súper cuidadas ambiente muy agradable y equipo muy atento con gran trabajo de la técnica para evitar lesiones cuando voy a madrid siempre entreno con ellos…,5,Hace 3 años
225,Gonzalo Ducali,experiencia de 10 todo tipo de actividades y para todos los niveles para alguien iniciandose en algunas de ellas como yo profesores super atentos y muy encima tanto en la clase como fuera de ellas recomendado 100,5,Hace 3 años
226,Ana Sanz,sitio perfecto para entrenar con entrenadores muy majos y profesionales que te hacen disfrutar mucho las clases y dar el maximo de ti 100 recomendable!!!,5,Hace 4 años
227,Sonia Sánchez,muy bien sitio para hacer crossfit en el centro de madrid a todos los niveles buenas instalaciones y mejores coaches,5,Hace 3 años
228,MIGUEL ANGEL DIAZ DE YELA,grande el equipo de profesionales y fantásticas las instalaciones uno de los mejores centros de madrid donde practicar crossfit,5,Hace un año
229,Alejandro Quintana Rmili,muy buen centro los monitores amables y encima la rutina que ponen hacen que acabes destrozado pero con ganas de volver la sesión de bootcamp he sudado como en una sauna,5,Hace 4 años
230,Clara Castro-Gil,de los mejores gimnasios de madrid! clases divertidas instalaciones top y entrenadores majisimos 100 recomendable!,5,Hace 2 años
231,V M,excelente profesionales clases y propuesta ya estoy con ellos hace casi 1 año y lo recomiendo muchísimo!!,5,Hace un año
232,Rebeca Font,variedad de clases y horario amplio que permite adaptación a tu día a día el equipo es amable y atento sitio motivante,5,Hace 3 años
233,Sofia Arreciado,los mejores entrenamientos y super amable todo el personal estoy encantada en este centro muy recomendable!,5,Hace 3 años
234,Mabel Torrenegra,el gimnasio sus entrenadores y las rutinas inmejorables corrigen las técnicas te motivan y te quedas con ganas de volver al próximo entrenamiento encantada …,5,Hace 2 años
235,Jesus Montejo,muy buenas clases los entrenadores son muy agradables y te ayudan en todo momento a conseguir tus objetivos,5,Hace 3 años
236,Jorge Albiñana,genial nunca me lo había pasado tan bien con el fitness todos los coaches atentos y cercanos lo recomiendo al 100,5,Hace 3 años
237,Carolina Pinilla,gran box! los monitores super simpáticos y atentos en que hagas bien los ejercicios para que no te hagas daño! lo recomendaría sin duda alguna!,5,Hace 4 años
238,Jaime O ́Shea,tras varios meses en distrito 280 clara del rey no puedo estar más contento es una gran familia y muy profesional lo que garantiza rápidos resultados ¿ nos hacemos unos burpees?,5,Fecha de edición: Hace un año
239,Jaime Lozano,buenas instalaciones y buenos profesionales que las atienden con compañeros de todos los niveles sin duda una muy buena alternativa al aburrido gimnasio de siempre,5,Hace 3 años
240,Diego Sánchez,tras mucho ir de un sitio a otro he dado con el mejor sitio para entrenar duro y motivado el equipo de distrito 280 de clara del rey son un 10,5,Hace 3 años
241,Arantxa Martin,magníficas instalaciones entrenamientos súper variados lo mejor el buen rollo de los entrenadores y el ambiente que generan,5,Hace 2 años
242,tuki Ramos Sanchez,gente maja entrenos variados cero monotonía en ejercicios aprendizaje optimo coges tecnica coges fondo coges musculo coges de todo si consigues meter distrito280 en tu rutina fantasia david limoncete aki la tienes,5,Hace 3 años
243,Pedro Basso,entrenamientos muy variados y divertidos los profesores y profesoras muy agradables y profesionales ¡lo recomiendo!,5,Hace un año
244,Javier del Prado,voy martes y viernes a las 7 de la mañana y vaya subidón! las clases intensas y muy entretenidas y todos muy amables! a seguir haciendo callo!!!!,5,Hace 3 años
245,Diego Nieto López-Loriente,el mejor box de madrid sin duda magníficos monitores muy buenas instalaciones y gran amplitud de horario,5,Hace 2 años
246,ALBERTO FERNÁNDEZ ARANGO,los entrenadores son lo mejor de lo mejor! las clases son súper amenas y divertidas y se notan los cambios!,5,Hace un año
247,Jorge Martínez Campos,instalaciones nuevas y limpias muy buenas clases guiadas con monitores atentos y agradables muy recomendable!,5,Hace 2 años
248,Vero Lema,un lugar fantástico unas instalaciones en perfecto estado material nuevo y personal muy profesional amable y atento 100 recomendable!!,5,Hace un año
249,Ignacio Laffey,staff excepcional super cercano y muy profesionales! te sientes como en casa! muy recomendable!,5,Hace un año
250,Mavi Ruiz,ambiente estupendo e instalaciones de lujo los coaches lo mejor sobre todo jose,5,Fecha de edición: Hace 10 meses
251,Almudena Sanz Ruiz,muy buena experiencia trato súper cercano y agradable se involucran mucho y es una manera de hacer deporte muy entretenida y eficiente,5,Hace 3 años
252,Elena Elena,el primer día no aguanté ni dos sit ups seguidas y dos meses después veinte del tirón clases entretenidas y mucha disponibilidad de horarios …,5,Hace 4 años
253,Yulianny Gonzalez,muy buen ambiente personal altamente calificado y súper amables de los mejores sitios para entrenar …,5,Hace 2 años
254,Belén Ruffin,sala de entrenamiento top! muy buen ambiente de trabajo y super buenos profesionales!! es un gusto ir a entrenar así!,5,Hace 3 años
255,Ángela Seves,excelentes profesionales que te acompañan desde el inicio para que te sientas seguro no hay mejor centro para empezar a amar el deporte!,5,Hace 3 años
256,Pablo Leira,las clases son muy dinámicas y entretenidas además te hacen sudar de lo lindo!!!,5,Hace 2 años
257,Priscila C.C.,te lo pasas genial entrenando me encanta que el staff es súper amable y las instalaciones siempre impecables!!!,5,Hace 3 años
258,Laura Gonzalez,sitio top para entrenar de manera diferente clases rápidas divertidas y cañeras muy recomendable !!…,5,Hace 3 años
259,Lalo Push,uno de los mejores sitios para entrenar a tu ritmo un ambiente motivador y un grupo de profesionales de los pies a la cabeza,5,Hace un año
260,laura pl uz,experiencia inmejorable! trato excelente instalaciones y equipamiento cuidados equipo de profesionales y opciones de entretenimiento para todos los gustos sin duda muy recomendable!!!,5,Hace 3 años
261,Ainara Uribe,las clases son muy buenas y divertidas y los monitores muy buenos super recomendable!,5,Hace 2 años
262,Eneko Laskurain,un gusto siempre sudar la camiseta en distrito buena profesionalidad y cercanía en tanto en los entrenamientos como en las gestiones,5,Hace 3 años
263,Amina Sous,el mejor gym de la zona entrenadores top y muy buen ambiente!,5,Hace 2 años
264,Leonor Sanahuja,muy contenta la verdad instalaciones fabulosas entrenadores súper pro todas las clases son geniales mil gracias!!,5,Hace 3 años
265,Victor Villar,un verdadero placer poder entrenar aquí gente muy profesional y con muy buen rollo,5,Hace un año
266,DAYRON GARCIA ANGULO,profesionales y súper buen rollo! las clases con carol son lo mejor de la semana!,5,Hace 2 años
267,Lluís Tintorer Jaso,muy buenas instalaciones variedad de clases y se adaptan a todos los niveles! recomendado 100,5,Hace 2 años
268,Naty Molares,encantada con esta boutique de entrenamiento lo mejor los entrenadores que son encantadores y en todo momento están pendientes de que hagamos todo correctamente y nos divirtamos!,5,Hace 4 años
269,Maria Macià,sitio genial para entrenar con un equipo muy profesional y buenas instalaciones!,5,Hace un año
270,Miriancantos Rey,me encanta entrenar aquì todos los entrenadores te motivan y te enseñan gracias chicos as,5,Hace 2 años
271,Paula,lugar top para entrenar!! recomendable 100 !! todos los entrenadores son un amor …,5,Hace 3 años
272,Maria Aranda,sitio top!! las clases son muy dinámicas y divertidas y el personal super atento…,5,Hace 3 años
273,Apa Rock toys,son excelentes tienen entrenadores muy preparados y un ambiente genial los recomiendo al 100 !!!!,5,Hace 4 años
274,Beatriz Nombela,jose el mejor entrenador me ha enseñado a trabajar en la barra en unos meses la dominada!…,5,Hace 2 años
275,Verónica Aldea Álvarez,entrenamientos muy divertidos muy buen rollo y buenísimos profesionales apto para todas las edades!!,5,Hace 4 años
276,Paco Amo,son grandes profesionales todas las sesiones están dirigidas y son variadas buen rollo y a sudarrr,4,Hace 4 años
277,Zhivko GM,gran atención de todo el equipo y muy buena programación instalaciones nuevas y muy cuidadas muy recomendable!,5,Hace 3 años
278,Andrea Salazar,excelente ambiente y me encanta las clases de d45 las cuales son súper interactivas,5,Hace 3 años
279,Anna Guerrero,un placer entrenar aquí! muy buen rollo y muy atentos para evitar lesiones!,5,Hace 4 años
280,Jaime PSF,genial las clases y los profes! he probado muchas cosas y me quedo con distrito!…,5,Hace 3 años
281,Darío Rodríguez Camba,excelente lugar de entreno instalaciones con buena higiene coach profesionales y amables,5,Hace 4 años
282,carlos hortal romera,buenos profesionales trabajando ahí y con conocimiento me han orientado muy bien para alcanzar mi objetivo personal recomiendo 100,5,Hace 3 años
283,Jesús Alonso Álvarez,genial staff y clases superdinámicas te vas a casa con ganas de volver al día siguiente!,5,Hace 3 años
284,Maria Jose Sanchez,magnifico trato personal me encanta se pasa el tiempo rapidísimo y con buenísimos resultados probadlo sin dudar!!!,5,Hace 2 años
285,Paloma F,excelente gimnasio de los mejores de la cuidad sin duda!,5,Hace 2 años
286,Raquel Claure Cuellar,he venido de prueba y me ha encantado!! los entrenadores majisimos y te ayudan en todo,5,Hace 3 años
287,Jessica García Be your Balance,llevo 1 semana apuntada y la experiencia está siendo brutal…calidad servicio y cercanía estoy encantada,5,Hace 3 años
288,Natalia Ponce,el mejor sitio para entrenar de prosperidad todos son unos cracks y el entreno muy divertido,5,Fecha de edición: Hace 2 años
289,Paco Moraga,personalizado intenso profesional aeróbico…,5,Hace 10 meses
290,Manuel Posada,equipo top un gusto poder entrenar con gente tan amable y dedicada al deporte trato personal,5,Hace 3 años
291,Joaquín Arroyo,pedazo de gym con entrenadores mega craks! da gusto entrenar en este gym!,5,Hace 2 años
292,Carlos Jurado González,el centro genial los coaches cercanos exigentes y divertidos recomendable 100,5,Hace 3 años
293,Sandra Cárcel Fernando,además de que me encantan los entrenamientos todos son encantadores 100 recomendable,5,Hace 3 años
294,Lucia Clemente,son los mejores súper majos y profesionales cada vez que vas allí sales como nueva y con ganas de volver,5,Hace 3 años
295,Encarna Alvarez Jimeno,excelente gym instalaciones magníficas y personal atento y muy profesional,5,Hace 3 años
296,Clientes Microware,profesionales se ajustan a cada cliente una buenísima opción para ponerse en forma,5,Hace 3 años
297,Rocío López Lloreda,el mejor gimnasio y los mejores entrenadores de madrid el único gimnasio al que me ha apetecido volver!,5,Hace 3 años
298,Mario Glez. Piñeiro,de todos los centros los centros que he visitado en la ciudad el mejor sin dudarlo instalaciones inmejorables y personal de primer nivel,5,Hace 4 años
299,Pablo Latorre,muy recomendado! las instalaciones geniales y el personal muy amable y profesional!,5,Hace 3 años
300,Martin Pérez,excelente sitio grandes profesores y clases muy entretenidas!,5,Hace 3 años
301,Sally Martín,todos muy profesionales y las clases son muy personales estoy encantada 3333,5,Hace 4 años
302,Daniel Gonzalez,innovador y revolucionario manera divertida de ponerse en forma 5 estrellas… y en mi barrio!,5,Hace 3 años
303,David Borrego Coco,la forma más eficiente de entrenar con el mejor equipo técnico de entrenadores,5,Hace un año
304,Pedro Moreno,un equipo joven y dinámicon con grandes entrenamientos bootcamp es un entrenamiento de los mejores,5,Hace 4 años
305,Beatriz Nombela García,una pasada! te pones al límite y sales como nueva! manu el mejor! profesional y cercano,5,Hace 3 años
306,Victòria Orfí Zanoguera,el mejor sitio para entrenar motivación y buen ambiente,5,Hace 3 años
307,Alberto,muy buen ambiente buenas instalaciones y excelente personal!!!!,5,Hace un año
308,Ana Borrero,muy buena experiencia engancha desde el primer día!,5,Hace un año
309,Julia Lorente,una experiencia muy buena el equipo genial y cada vez más enganchada,5,Hace 3 años
310,José Terius,excelentes instalaciones y buena vibra de los coaches y staff,5,Hace 4 años
311,Vanessa Caetano,no podría estar más contenta muy profesionales y las clases muy buenas y entretenidas,5,Hace 4 años
312,Irma Avellán,excelentes monitores e instalaciones buen ambiente y cercano …,5,Hace 3 años
313,Clara Castellanos,entreno exigente y divertido y personal super amable!,5,Hace 3 años
314,Lorena Feuz,muy contenta de haber encontrado un sitio donde puedo entrenar con monitores de calidad,5,Hace 3 años
315,Lara Di Noia,equipo muy profesional y atención personalizada es justo el qué necesito muy contenta,5,Hace 4 años
316,Sebastian Sandoval,una forma de hacer deporte divirtiéndote con un equipaso top! 10 10,5,Hace 3 años
317,Mireia Rodriguez,brutal! gracias a todos! manu y todos los coach son ideales!!!,5,Hace 3 años
318,Aida Isabel Basilio,ambiente familiar es un segundo hogar ‍…,5,Hace 2 años
319,Rosa Mª Bedoya,es un buen centro de clara del rey buenos monitores y buen trabajo,5,Hace 3 años
320,Aida Esteban,encantada con el equipo y sus clases son todos geniales,5,Hace 3 años
321,Aitor De La Peña Urroz,un box genial con magníficas instalaciones y un equipo de 10!,5,Hace 3 años
322,Alvaro Gascó Sales,ambiente estupendo buenos profesionales y sitio muy limpio,5,Hace 2 años
323,Raquel Yannone,muy buenos profesionales que convierten el esfuerzo en una actividad divertida,5,Hace 3 años
324,Olga Muñoz de Ávila,¡el mejor gimnasio para entrenar en serio!,5,Hace 4 años
325,Isabela Paiewonsky,excelente clase! top,5,Hace un año
326,David Paredes,profesionalidad y trato exquisito muy recomendable,5,Hace 3 años
327,DavidArregui,buenas instalaciones y muy buen ambiente!,5,Hace 2 años
328,José Pablo Lemus Romero,la leche! cañeros y sólo buen rollo!,5,Hace 3 años
329,Arturo Castaño,entrenamientos entretenidos y diferentes y un personal de 10!!,5,Hace 4 años
330,Pilateshomemade A,después de un año en distrito lo recomiendo 100 !!!,5,Hace 3 años
331,Mario Sánchez,clases estupendas y monitores de 10!!,5,Hace 2 años
332,Iciar Otaolaurruchi,son unos cracks!!! muy top,5,Fecha de edición: Hace un año
333,Javier Useche,el mejor gym de todos,5,Fecha de edición: Hace 2 años
334,Gilda Hernandez,buenisima la clase!!,5,Hace un año
335,Pablo Domínguez de Vidaurreta Rodríguez,buena gente buen entreno!!,5,Hace 3 años
336,Vincent Daléas,top! monitores ejercicios a tope!,5,Hace 2 años
337,Rocío Arriaza,clases muy motivadoras!,5,Hace 2 años
338,Ricardo Heyroth Lorenzo,muy recomendable,5,Hace 2 años
339,Aurora Gil,todo genial!,5,Hace 3 años
340,Rachel,hands on instructor who explain and teach the concepts of every move also a good motivator place is good size clean and good location,5,Hace 5 meses
341,Joana Viana,great training place with wonderful trainers and staff the trainers are kind helpful and adapt the exercises for your fitness level and help you progress the installations are new and well taken care of recommend…,5,Hace 5 meses
342,Lisa Nathan,i recently joined distrito 280 and i am so happy with my decision the trainers are all so friendly and welcoming to beginners like me! they are genuine people that want to help you achieve your goals since i am not fluent in spanish the trainers always try their best to explain the exercises to me in english if i have any doubts would highly recommend this gym to everyone whether you are a beginner or more experienced,5,Hace 2 años
343,Justin Ryan,really enjoyed my first training session with carol yesterday an expert with technique very welcoming to beginners yet a challenging workout extremely welcoming and friendly staff overall no excessive egos among the other people training there either all very friendly will definitely be back hopefully for many more sessions when i am in madrid 5 stars a must visit for beginner or advanced thanks carol and team see you again soon,5,Hace 3 años
344,Arthur Zarouri,nice and cosy box with different classes kudos to carol she the sweetest she will make you feel confortable and part of the team very rapidly,4,Hace un año
345,Isabela Lopez,distrito 280 is the best gym in madrid! the amazing coaches provide a comfortable and enjoyable experience 10 10 would definitely recommend,5,Hace 2 años
346,Courtney Pellecer,felt really welcome here my first time the exercises are in different stations and time intervals so it doesn t get boring and keeps your heart rate up!,5,Hace 3 años
347,Saida Ferreira,really love this place they have a great variation of exercises the coaches are skilled and they have the knowledge in a this particular field the most important they really care on the needs of the client,5,Hace 3 años
348,Isabella Faria,distrito 280 has been the best gym i have ever been to the coaches and the exercises are amazing! 10 10,5,Hace 2 años
349,Roberto M. Alvarez Bucholska,almost a month and a half now training here and quite pleased with the workouts and staff!,5,Hace un año
350,zuzene salazar,un team top! …,5,Hace 3 semanas
351,andreottimichele,very nice modern box and the staff is friendly and pleasant! highly recommended,5,Hace un año
352,Allan Le chevalier,super gym with super staff!! very clean facilities definitely recommend,5,Hace 3 años
353,Luis Miguel Rincon Fontan,top,5,Hace un año
360,Alison Eyer,i ve been going to distrito for 3 years and i love it! there are so many classes to go to from 7am to 9pm so i can go whenever is best for me the coaches are great and the yoga teacher is amazing too i couldn t imagine going to any other gym at this point!,5,hace un día
